Order Date,Product,Category,Region,Customer Type,Quantity,Unit Price,Discount,Revenue,Profit
2025-10-16,Mouse,Electronics,South,Retail,1,800,10,720.0,221.23
2025-11-23,Bottle,Accessories,North,Retail,3,350,20,840.0,129.59
2024-08-11,Chair,Furniture,South,Wholesale,17,4500,20,61200.0,18516.0
2024-08-13,Monitor,Electronics,North,Retail,19,15000,10,256500.0,30543.7
2025-12-15,Printer,Electronics,East,Retail,11,12000,10,118800.0,40043.01
2024-04-04,Printer,Electronics,East,Retail,4,12000,10,43200.0,4596.08
2025-04-15,Bottle,Accessories,East,Wholesale,4,350,15,1190.0,386.9
2025-08-14,Chair,Furniture,East,Retail,3,4500,0,13500.0,3396.88
2024-08-26,Mouse,Electronics,East,Retail,13,800,10,9360.0,2225.36
2025-01-14,Notebook,Stationery,North,Retail,7,120,10,756.0,117.14
2025-06-30,Chair,Furniture,South,Wholesale,6,4500,15,22950.0,5026.41
2024-02-27,Chair,Furniture,North,Retail,2,4500,10,8100.0,2066.86
2025-08-03,Notebook,Stationery,West,Retail,7,120,15,714.0,152.3
2024-09-28,Keyboard,Electronics,West,Wholesale,8,1500,20,9600.0,1059.68
2025-01-05,Chair,Furniture,North,Retail,5,4500,20,18000.0,2293.77
2024-06-05,Keyboard,Electronics,West,Wholesale,14,1500,20,16800.0,4849.78
2025-06-25,Table,Furniture,North,Wholesale,18,7000,0,126000.0,30985.29
2025-10-18,Notebook,Stationery,West,Retail,4,120,10,432.0,105.39
2024-09-26,Bottle,Accessories,East,Retail,6,350,20,1680.0,-49.96
2024-06-05,Notebook,Stationery,North,Wholesale,6,120,20,576.0,-25.96
2025-05-15,Laptop,Electronics,East,Retail,4,55000,10,198000.0,19004.36
2024-02-29,Chair,Furniture,West,Retail,19,4500,0,85500.0,36277.99
2025-06-29,Keyboard,Electronics,South,Wholesale,5,1500,15,6375.0,119.59
2025-06-24,Bag,Accessories,South,Wholesale,14,1800,5,23940.0,3057.41
2025-02-12,Notebook,Stationery,South,Retail,15,120,20,1440.0,206.2
2024-03-06,Notebook,Stationery,South,Retail,1,120,20,96.0,10.06
2024-03-13,Laptop,Electronics,East,Retail,8,55000,0,440000.0,78484.56
2025-06-10,Chair,Furniture,South,Wholesale,9,4500,15,34425.0,9547.02
2024-09-05,Monitor,Electronics,West,Wholesale,14,15000,5,199500.0,78057.47
2025-03-09,Printer,Electronics,North,Retail,15,12000,0,180000.0,44638.31
2025-02-16,Notebook,Stationery,West,Retail,4,120,5,456.0,164.41
2025-03-08,Keyboard,Electronics,North,Wholesale,9,1500,15,11475.0,3038.28
2025-07-17,Mouse,Electronics,North,Retail,2,800,20,1280.0,-1.29
2024-06-19,Printer,Electronics,West,Retail,16,12000,15,163200.0,45288.16
2024-06-17,Printer,Electronics,West,Wholesale,1,12000,15,10200.0,2645.27
2025-03-09,Bottle,Accessories,South,Retail,16,350,5,5320.0,1920.97
2025-08-16,Bottle,Accessories,West,Retail,2,350,10,630.0,233.0
2024-02-28,Bottle,Accessories,North,Retail,3,350,5,997.5,398.42
2025-02-17,Mouse,Electronics,North,Retail,19,800,5,14440.0,3440.13
2025-03-05,Bag,Accessories,East,Retail,19,1800,20,27360.0,5304.05
2025-11-16,Notebook,Stationery,East,Wholesale,8,120,10,864.0,222.01
2024-11-19,Mouse,Electronics,North,Retail,1,800,15,680.0,90.92
2025-07-04,Chair,Furniture,East,Retail,17,4500,10,68850.0,23735.12
2024-09-07,Notebook,Stationery,East,Retail,10,120,5,1140.0,322.25
2025-11-14,Bottle,Accessories,South,Wholesale,10,350,0,3500.0,589.12
2024-04-28,Mouse,Electronics,South,Wholesale,18,800,5,13680.0,4583.46
2024-07-27,Table,Furniture,North,Retail,17,7000,15,101150.0,26734.97
2025-10-11,Printer,Electronics,South,Wholesale,9,12000,0,108000.0,48485.12
2024-06-14,Monitor,Electronics,North,Retail,18,15000,15,229500.0,35566.54
2025-12-08,Keyboard,Electronics,South,Wholesale,18,1500,0,27000.0,5389.78
2024-05-10,Laptop,Electronics,North,Wholesale,10,55000,10,495000.0,44168.05
2024-08-03,Chair,Furniture,West,Retail,4,4500,10,16200.0,2087.37
2024-08-30,Keyboard,Electronics,East,Wholesale,6,1500,15,7650.0,2633.08
2025-11-16,Chair,Furniture,North,Wholesale,9,4500,5,38475.0,6633.4
2024-02-09,Monitor,Electronics,West,Wholesale,8,15000,5,114000.0,18602.88
2024-11-08,Chair,Furniture,West,Wholesale,8,4500,0,36000.0,9071.64
2024-10-12,Mouse,Electronics,West,Wholesale,9,800,10,6480.0,1134.4
2024-01-29,Mouse,Electronics,East,Retail,9,800,5,6840.0,1625.93
2024-04-21,Bag,Accessories,East,Wholesale,14,1800,10,22680.0,3312.2
2025-09-12,Bottle,Accessories,South,Wholesale,4,350,15,1190.0,42.21
2024-02-15,Printer,Electronics,South,Wholesale,1,12000,20,9600.0,-332.07
2025-03-17,Mouse,Electronics,North,Wholesale,11,800,20,7040.0,1371.26
2025-06-03,Table,Furniture,East,Retail,14,7000,10,88200.0,22469.43
2024-07-15,Printer,Electronics,East,Wholesale,13,12000,5,148200.0,33593.9
2025-07-15,Laptop,Electronics,East,Wholesale,10,55000,10,495000.0,157819.86
2025-03-28,Monitor,Electronics,South,Retail,7,15000,20,84000.0,11344.64
2024-10-17,Bottle,Accessories,South,Wholesale,20,350,10,6300.0,2253.89
2024-08-18,Chair,Furniture,West,Retail,5,4500,0,22500.0,9813.06
2025-04-11,Printer,Electronics,West,Wholesale,19,12000,5,216600.0,42065.14
2025-02-13,Chair,Furniture,North,Wholesale,5,4500,0,22500.0,4099.55
2024-08-12,Keyboard,Electronics,South,Retail,17,1500,15,21675.0,7265.83
2025-04-12,Keyboard,Electronics,East,Wholesale,15,1500,20,18000.0,-1043.27
2025-09-19,Bottle,Accessories,South,Wholesale,14,350,20,3920.0,569.51
2025-04-05,Table,Furniture,West,Retail,8,7000,10,50400.0,6734.33
2024-10-08,Monitor,Electronics,East,Wholesale,3,15000,10,40500.0,12584.34
2025-07-07,Mouse,Electronics,South,Retail,5,800,5,3800.0,1322.49
2024-03-06,Printer,Electronics,West,Retail,14,12000,10,151200.0,31452.4
2024-07-30,Printer,Electronics,North,Wholesale,13,12000,20,124800.0,-5275.7
2025-05-03,Laptop,Electronics,West,Retail,12,55000,10,594000.0,81811.93
2025-05-14,Chair,Furniture,West,Wholesale,9,4500,15,34425.0,6249.45
2025-11-15,Printer,Electronics,North,Wholesale,6,12000,15,61200.0,1737.9
2025-08-29,Bag,Accessories,South,Wholesale,1,1800,0,1800.0,462.92
2024-07-05,Laptop,Electronics,West,Wholesale,9,55000,15,420750.0,99888.13
2024-12-11,Printer,Electronics,North,Wholesale,9,12000,15,91800.0,24226.4
2024-01-20,Bottle,Accessories,North,Retail,2,350,10,630.0,197.91
2024-02-01,Chair,Furniture,South,Retail,7,4500,0,31500.0,8303.38
2025-04-29,Mouse,Electronics,East,Wholesale,19,800,5,14440.0,3959.45
2024-06-20,Bag,Accessories,South,Wholesale,20,1800,0,36000.0,7799.85
2024-04-20,Bag,Accessories,West,Wholesale,1,1800,10,1620.0,319.07
2024-07-22,Mouse,Electronics,East,Retail,19,800,5,14440.0,5615.33
2025-08-02,Laptop,Electronics,East,Retail,12,55000,20,528000.0,80181.15
2025-06-02,Notebook,Stationery,North,Wholesale,1,120,15,102.0,6.4
2025-01-05,Monitor,Electronics,East,Wholesale,5,15000,15,63750.0,18536.92
2025-04-21,Printer,Electronics,South,Retail,19,12000,10,205200.0,57754.37
2024-10-12,Monitor,Electronics,West,Wholesale,8,15000,15,102000.0,15485.41
2024-01-30,Monitor,Electronics,East,Wholesale,11,15000,5,156750.0,41866.28
2024-12-14,Table,Furniture,South,Retail,20,7000,10,126000.0,25656.78
2024-09-04,Printer,Electronics,West,Wholesale,16,12000,20,153600.0,4329.72
2025-04-03,Laptop,Electronics,South,Wholesale,3,55000,10,148500.0,46780.98
2025-11-10,Bag,Accessories,East,Wholesale,12,1800,15,18360.0,2893.5
2025-07-17,Notebook,Stationery,East,Retail,12,120,15,1224.0,314.96
2024-05-03,Chair,Furniture,South,Retail,11,4500,0,49500.0,11243.22
2024-08-09,Monitor,Electronics,East,Retail,9,15000,20,108000.0,-5802.58
2024-07-17,Table,Furniture,North,Retail,8,7000,10,50400.0,16585.38
2024-10-07,Laptop,Electronics,South,Wholesale,2,55000,20,88000.0,17859.49
2024-04-15,Laptop,Electronics,West,Wholesale,19,55000,10,940500.0,218594.06
2024-07-07,Laptop,Electronics,North,Wholesale,9,55000,15,420750.0,131558.06
2025-05-18,Mouse,Electronics,East,Retail,19,800,0,15200.0,6148.12
2024-09-11,Mouse,Electronics,South,Wholesale,18,800,15,12240.0,1700.71
2025-04-06,Monitor,Electronics,East,Retail,10,15000,20,120000.0,-7051.41
2025-09-16,Mouse,Electronics,North,Retail,7,800,5,5320.0,1795.39
2024-09-02,Keyboard,Electronics,West,Wholesale,18,1500,0,27000.0,10882.09
2025-12-06,Bag,Accessories,East,Wholesale,16,1800,10,25920.0,9797.99
2025-12-20,Monitor,Electronics,South,Wholesale,3,15000,5,42750.0,5527.2
2024-04-27,Bottle,Accessories,South,Retail,8,350,5,2660.0,356.93
2024-03-02,Keyboard,Electronics,East,Wholesale,10,1500,20,12000.0,379.69
2024-05-07,Monitor,Electronics,West,Wholesale,10,15000,15,127500.0,2579.57
2024-03-23,Bag,Accessories,East,Retail,2,1800,15,3060.0,286.7
2024-04-03,Chair,Furniture,East,Retail,19,4500,20,68400.0,-3012.67
2024-06-28,Monitor,Electronics,South,Wholesale,17,15000,15,216750.0,6420.43
2025-10-12,Monitor,Electronics,East,Wholesale,3,15000,15,38250.0,8802.53
2025-11-17,Mouse,Electronics,West,Wholesale,6,800,10,4320.0,1087.23
2025-11-09,Printer,Electronics,East,Wholesale,18,12000,0,216000.0,67727.28
2024-11-27,Mouse,Electronics,North,Wholesale,13,800,20,8320.0,26.23
2025-02-27,Laptop,Electronics,West,Wholesale,7,55000,20,308000.0,54464.48
2024-02-22,Chair,Furniture,East,Wholesale,9,4500,20,32400.0,8533.19
2025-12-16,Monitor,Electronics,South,Retail,4,15000,0,60000.0,9483.36
2024-11-14,Bottle,Accessories,South,Retail,1,350,20,280.0,44.66
2025-04-17,Mouse,Electronics,East,Wholesale,5,800,15,3400.0,80.82
2025-03-01,Monitor,Electronics,South,Wholesale,16,15000,5,228000.0,63111.37
2024-07-14,Bag,Accessories,East,Wholesale,17,1800,5,29070.0,4308.23
2024-12-14,Bottle,Accessories,East,Wholesale,9,350,0,3150.0,1150.22
2024-06-01,Monitor,Electronics,West,Wholesale,18,15000,15,229500.0,53044.96
2024-11-25,Chair,Furniture,West,Retail,8,4500,20,28800.0,4863.91
2024-11-21,Monitor,Electronics,South,Wholesale,13,15000,15,165750.0,677.78
2024-02-07,Keyboard,Electronics,North,Wholesale,17,1500,20,20400.0,3835.24
2024-04-12,Bottle,Accessories,West,Retail,15,350,0,5250.0,1224.65
2024-03-17,Monitor,Electronics,West,Retail,9,15000,10,121500.0,22007.99
2024-12-02,Bottle,Accessories,West,Retail,13,350,10,4095.0,736.92
2025-09-24,Mouse,Electronics,North,Wholesale,8,800,10,5760.0,324.94
2024-04-10,Mouse,Electronics,North,Retail,15,800,5,11400.0,2301.6
2024-11-28,Laptop,Electronics,South,Retail,10,55000,10,495000.0,130651.22
2025-06-27,Printer,Electronics,North,Wholesale,19,12000,5,216600.0,79573.12
2025-09-26,Chair,Furniture,West,Wholesale,16,4500,20,57600.0,14908.66
2025-04-15,Table,Furniture,South,Retail,1,7000,15,5950.0,207.46
2025-03-28,Notebook,Stationery,West,Wholesale,19,120,10,2052.0,360.97
2025-04-12,Table,Furniture,North,Retail,7,7000,15,41650.0,2155.97
2025-01-25,Bag,Accessories,East,Retail,12,1800,20,17280.0,3482.75
2025-11-05,Printer,Electronics,North,Wholesale,9,12000,0,108000.0,30263.9
2024-10-20,Chair,Furniture,South,Wholesale,20,4500,10,81000.0,25586.88
2025-11-25,Keyboard,Electronics,West,Retail,4,1500,0,6000.0,2143.92
2025-08-16,Notebook,Stationery,East,Wholesale,5,120,0,600.0,106.27
2024-06-28,Chair,Furniture,East,Wholesale,5,4500,20,18000.0,-291.11
2024-06-17,Table,Furniture,East,Retail,16,7000,10,100800.0,14115.61
2025-04-24,Mouse,Electronics,West,Wholesale,5,800,5,3800.0,567.83
2024-04-02,Printer,Electronics,West,Wholesale,1,12000,10,10800.0,2268.34
2025-11-19,Table,Furniture,East,Retail,19,7000,15,113050.0,7085.55
2025-11-22,Chair,Furniture,East,Retail,16,4500,0,72000.0,19017.79
2025-10-25,Mouse,Electronics,North,Retail,15,800,10,10800.0,1862.74
2024-02-16,Laptop,Electronics,South,Retail,10,55000,15,467500.0,145840.12
2025-02-01,Monitor,Electronics,South,Wholesale,12,15000,20,144000.0,22367.16
2025-11-01,Mouse,Electronics,East,Retail,16,800,20,10240.0,1632.83
2025-12-07,Notebook,Stationery,South,Wholesale,7,120,15,714.0,139.94
2024-04-11,Notebook,Stationery,East,Retail,18,120,10,1944.0,716.76
2024-05-05,Monitor,Electronics,North,Retail,3,15000,5,42750.0,9336.99
2024-12-07,Chair,Furniture,South,Retail,5,4500,20,18000.0,4239.86
2024-08-26,Notebook,Stationery,South,Retail,5,120,20,480.0,149.49
2025-07-07,Table,Furniture,North,Retail,6,7000,0,42000.0,10570.67
2024-01-16,Notebook,Stationery,South,Wholesale,8,120,20,768.0,146.75
2024-02-23,Keyboard,Electronics,North,Wholesale,14,1500,20,16800.0,4534.01
2025-04-04,Notebook,Stationery,South,Retail,17,120,20,1632.0,443.26
2025-11-05,Bottle,Accessories,North,Retail,10,350,15,2975.0,374.49
2025-05-05,Printer,Electronics,West,Retail,14,12000,0,168000.0,50890.45
2024-03-23,Notebook,Stationery,East,Wholesale,20,120,5,2280.0,912.71
2025-01-25,Bag,Accessories,West,Retail,17,1800,10,27540.0,6544.89
2025-12-19,Mouse,Electronics,South,Wholesale,18,800,5,13680.0,3902.1
2024-12-13,Monitor,Electronics,East,Wholesale,13,15000,15,165750.0,15817.67
2024-11-16,Table,Furniture,West,Retail,12,7000,5,79800.0,16292.11
2024-04-03,Mouse,Electronics,East,Retail,3,800,15,2040.0,650.47
2025-07-23,Laptop,Electronics,North,Wholesale,19,55000,20,836000.0,85162.26
2024-12-28,Printer,Electronics,East,Retail,2,12000,10,21600.0,4077.05
2025-08-14,Bottle,Accessories,South,Retail,7,350,5,2327.5,497.3
2024-12-24,Bottle,Accessories,South,Wholesale,12,350,0,4200.0,929.12
2025-07-28,Bag,Accessories,East,Retail,20,1800,20,28800.0,8716.46
2024-07-03,Table,Furniture,South,Retail,10,7000,10,63000.0,17128.51
2025-08-02,Printer,Electronics,North,Retail,3,12000,5,34200.0,6397.53
2025-06-27,Chair,Furniture,South,Wholesale,13,4500,15,49725.0,9588.52
2024-11-15,Notebook,Stationery,North,Retail,19,120,20,1824.0,511.89
2024-06-10,Bag,Accessories,West,Wholesale,2,1800,0,3600.0,1326.13
2025-09-13,Monitor,Electronics,North,Wholesale,14,15000,10,189000.0,59919.16
2025-03-16,Mouse,Electronics,East,Retail,10,800,20,6400.0,832.08
2024-08-13,Printer,Electronics,East,Retail,20,12000,0,240000.0,107446.53
2024-05-20,Table,Furniture,West,Wholesale,10,7000,10,63000.0,21980.33
2024-06-28,Keyboard,Electronics,East,Retail,13,1500,20,15600.0,758.52
2025-02-10,Laptop,Electronics,North,Wholesale,14,55000,0,770000.0,240296.77
2025-08-12,Printer,Electronics,West,Wholesale,19,12000,15,193800.0,19870.27
2024-04-27,Printer,Electronics,West,Wholesale,1,12000,10,10800.0,3581.26
2024-03-31,Printer,Electronics,West,Retail,4,12000,5,45600.0,12926.26
2025-02-09,Table,Furniture,South,Retail,11,7000,5,73150.0,23106.11
2025-06-06,Mouse,Electronics,East,Wholesale,17,800,20,10880.0,2608.87
2025-10-22,Keyboard,Electronics,South,Retail,8,1500,0,12000.0,4872.8
2025-09-08,Keyboard,Electronics,West,Wholesale,3,1500,5,4275.0,515.76
2025-07-31,Bag,Accessories,East,Wholesale,15,1800,20,21600.0,1541.77
2024-06-03,Monitor,Electronics,East,Wholesale,3,15000,15,38250.0,7530.19
2025-08-28,Laptop,Electronics,West,Wholesale,12,55000,20,528000.0,150310.25
2024-02-08,Laptop,Electronics,North,Wholesale,12,55000,10,594000.0,215807.26
2025-04-18,Bag,Accessories,South,Wholesale,18,1800,0,32400.0,10208.59
2025-09-11,Monitor,Electronics,West,Retail,17,15000,5,242250.0,28734.24
2024-12-17,Mouse,Electronics,West,Wholesale,17,800,5,12920.0,5280.3
2025-06-20,Bottle,Accessories,East,Wholesale,20,350,5,6650.0,2035.81
2025-02-22,Notebook,Stationery,East,Retail,20,120,0,2400.0,511.76
2024-12-03,Mouse,Electronics,South,Wholesale,18,800,15,12240.0,3092.49
2024-03-24,Bag,Accessories,West,Retail,5,1800,10,8100.0,2312.37
2025-09-01,Mouse,Electronics,East,Retail,10,800,20,6400.0,1095.97
2025-11-17,Bottle,Accessories,North,Wholesale,3,350,15,892.5,154.83
2024-11-12,Keyboard,Electronics,West,Retail,7,1500,10,9450.0,689.84
2024-08-19,Keyboard,Electronics,North,Retail,5,1500,0,7500.0,2709.47
2025-11-08,Notebook,Stationery,South,Retail,20,120,5,2280.0,529.98
2024-07-04,Bag,Accessories,East,Retail,6,1800,15,9180.0,3098.44
2025-03-30,Bag,Accessories,South,Wholesale,10,1800,15,15300.0,4136.38
2025-04-25,Chair,Furniture,West,Wholesale,12,4500,20,43200.0,-2447.92
2025-01-26,Bottle,Accessories,South,Retail,17,350,15,5057.5,60.21
2024-09-13,Laptop,Electronics,North,Retail,16,55000,10,792000.0,161601.24
2024-10-18,Mouse,Electronics,South,Wholesale,6,800,10,4320.0,1032.98
2024-04-03,Chair,Furniture,West,Retail,15,4500,10,60750.0,4782.94
2025-02-09,Bottle,Accessories,North,Wholesale,12,350,5,3990.0,1193.43
2024-08-17,Laptop,Electronics,East,Retail,11,55000,0,605000.0,119939.5
2024-05-20,Laptop,Electronics,South,Wholesale,10,55000,15,467500.0,50148.12
2025-04-04,Bag,Accessories,South,Retail,1,1800,0,1800.0,799.74
2025-07-15,Bag,Accessories,East,Retail,17,1800,15,26010.0,8159.3
2024-11-04,Mouse,Electronics,West,Retail,2,800,5,1520.0,438.48
2024-04-23,Monitor,Electronics,South,Retail,20,15000,20,240000.0,73520.82
2024-10-25,Printer,Electronics,West,Retail,1,12000,20,9600.0,1729.86
2025-11-11,Mouse,Electronics,North,Wholesale,17,800,10,12240.0,4483.87
2025-04-26,Laptop,Electronics,North,Wholesale,13,55000,10,643500.0,195842.02
2024-03-10,Notebook,Stationery,East,Retail,8,120,0,960.0,209.81
2024-02-15,Notebook,Stationery,South,Wholesale,18,120,10,1944.0,228.85
2025-12-13,Monitor,Electronics,West,Retail,6,15000,5,85500.0,34296.29
2024-10-27,Chair,Furniture,East,Wholesale,2,4500,5,8550.0,1208.37
2025-06-11,Printer,Electronics,South,Wholesale,18,12000,15,183600.0,48385.27
2024-12-31,Laptop,Electronics,East,Wholesale,11,55000,10,544500.0,189157.79
2025-02-13,Monitor,Electronics,West,Wholesale,13,15000,10,175500.0,11287.17
2025-01-11,Bottle,Accessories,North,Wholesale,9,350,0,3150.0,730.41
2025-09-08,Keyboard,Electronics,North,Wholesale,18,1500,10,24300.0,6848.19
2025-11-07,Table,Furniture,West,Retail,10,7000,15,59500.0,8344.95
2025-12-07,Monitor,Electronics,East,Wholesale,12,15000,15,153000.0,51712.82
2024-10-08,Laptop,Electronics,South,Retail,3,55000,15,140250.0,31516.1
2024-05-26,Bag,Accessories,South,Wholesale,15,1800,0,27000.0,11127.54
2025-01-05,Printer,Electronics,West,Wholesale,19,12000,0,228000.0,61211.51
2025-01-15,Monitor,Electronics,East,Wholesale,3,15000,20,36000.0,9391.12
2024-11-17,Table,Furniture,South,Wholesale,8,7000,0,56000.0,24764.66
2025-06-14,Printer,Electronics,East,Wholesale,18,12000,0,216000.0,80236.87
2024-08-07,Bag,Accessories,South,Retail,10,1800,15,15300.0,4319.04
2025-04-07,Keyboard,Electronics,East,Wholesale,15,1500,0,22500.0,4654.04
2025-12-27,Mouse,Electronics,East,Retail,18,800,20,11520.0,2345.63
2025-12-29,Keyboard,Electronics,South,Retail,12,1500,20,14400.0,3289.1
2024-08-30,Monitor,Electronics,East,Wholesale,1,15000,10,13500.0,2756.9
2025-07-18,Keyboard,Electronics,West,Wholesale,20,1500,0,30000.0,12908.27
2025-06-22,Printer,Electronics,East,Retail,14,12000,20,134400.0,38282.96
2025-04-05,Monitor,Electronics,South,Retail,17,15000,10,229500.0,79432.4
2025-03-19,Bottle,Accessories,East,Retail,2,350,0,700.0,206.2
2024-06-14,Notebook,Stationery,East,Retail,8,120,10,864.0,63.12
2024-09-13,Chair,Furniture,East,Retail,18,4500,10,72900.0,25308.36
2025-05-29,Keyboard,Electronics,East,Retail,19,1500,20,22800.0,5806.64
2024-01-30,Mouse,Electronics,South,Wholesale,2,800,20,1280.0,272.97
2025-09-24,Laptop,Electronics,East,Wholesale,16,55000,20,704000.0,143526.68
2024-09-07,Printer,Electronics,North,Retail,10,12000,15,102000.0,33372.97
2025-03-26,Printer,Electronics,South,Wholesale,16,12000,15,163200.0,45848.27
2024-11-22,Notebook,Stationery,North,Wholesale,13,120,5,1482.0,268.01
2024-09-04,Monitor,Electronics,South,Retail,4,15000,10,54000.0,12907.27
2024-02-21,Table,Furniture,South,Wholesale,13,7000,20,72800.0,11334.92
2025-08-14,Notebook,Stationery,West,Wholesale,7,120,5,798.0,210.44
2024-11-11,Monitor,Electronics,West,Retail,1,15000,0,15000.0,2496.45
2024-08-08,Bag,Accessories,West,Wholesale,12,1800,0,21600.0,9392.5
2024-10-19,Bottle,Accessories,East,Wholesale,1,350,0,350.0,112.25
2025-02-16,Notebook,Stationery,South,Wholesale,2,120,15,204.0,68.32
2025-07-20,Table,Furniture,East,Retail,3,7000,15,17850.0,3123.19
2024-05-11,Mouse,Electronics,East,Wholesale,13,800,10,9360.0,1159.92
2024-05-27,Chair,Furniture,North,Retail,20,4500,20,72000.0,11662.55
2024-02-09,Keyboard,Electronics,South,Retail,11,1500,15,14025.0,2379.3
2024-12-01,Bag,Accessories,East,Wholesale,11,1800,5,18810.0,5585.85
2025-06-03,Bottle,Accessories,East,Wholesale,18,350,15,5355.0,550.48
2024-01-18,Notebook,Stationery,East,Retail,11,120,0,1320.0,205.96
2025-09-03,Monitor,Electronics,North,Wholesale,9,15000,20,108000.0,10355.81
2024-06-23,Bottle,Accessories,South,Retail,20,350,15,5950.0,1789.67
2025-08-09,Mouse,Electronics,West,Retail,7,800,0,5600.0,1779.06
2025-02-26,Chair,Furniture,West,Retail,14,4500,20,50400.0,1103.02
2025-12-23,Keyboard,Electronics,West,Wholesale,17,1500,5,24225.0,5909.22
2024-11-17,Keyboard,Electronics,East,Wholesale,15,1500,20,18000.0,3314.29
2025-09-16,Monitor,Electronics,East,Retail,7,15000,5,99750.0,33211.3
2024-10-31,Table,Furniture,East,Wholesale,7,7000,15,41650.0,10039.5
2024-10-21,Mouse,Electronics,West,Wholesale,19,800,20,12160.0,2068.59
2024-05-29,Table,Furniture,North,Wholesale,2,7000,10,12600.0,887.68
2025-03-28,Table,Furniture,East,Wholesale,16,7000,5,106400.0,38010.51
2024-05-20,Mouse,Electronics,North,Retail,20,800,20,12800.0,2851.45
2025-10-15,Chair,Furniture,West,Retail,2,4500,0,9000.0,2934.09
2025-11-28,Keyboard,Electronics,South,Wholesale,1,1500,20,1200.0,-65.06
2025-10-30,Monitor,Electronics,East,Wholesale,16,15000,5,228000.0,41574.4
2024-10-19,Laptop,Electronics,North,Retail,3,55000,20,132000.0,29755.1
2025-03-03,Keyboard,Electronics,South,Wholesale,2,1500,15,2550.0,190.84
2024-02-08,Laptop,Electronics,East,Wholesale,10,55000,20,440000.0,38040.81
2025-04-10,Bottle,Accessories,South,Wholesale,17,350,15,5057.5,197.67
2024-10-06,Chair,Furniture,West,Wholesale,4,4500,10,16200.0,5422.53
2024-07-09,Laptop,Electronics,South,Retail,11,55000,10,544500.0,108697.71
2025-09-17,Printer,Electronics,West,Retail,14,12000,20,134400.0,25472.5
2024-07-08,Keyboard,Electronics,North,Wholesale,16,1500,10,21600.0,1662.06
2025-01-27,Chair,Furniture,East,Retail,15,4500,10,60750.0,4305.79
2024-09-24,Notebook,Stationery,West,Wholesale,8,120,0,960.0,239.68
2024-06-12,Printer,Electronics,East,Wholesale,17,12000,10,183600.0,29154.23
2025-09-21,Chair,Furniture,West,Wholesale,8,4500,5,34200.0,9235.64
2025-03-01,Bottle,Accessories,South,Retail,16,350,20,4480.0,52.65
2025-11-27,Bag,Accessories,East,Retail,3,1800,20,4320.0,626.27
2025-07-31,Mouse,Electronics,South,Retail,2,800,20,1280.0,-33.39
2024-06-17,Notebook,Stationery,South,Wholesale,17,120,15,1734.0,540.86
2024-04-03,Bottle,Accessories,West,Wholesale,15,350,0,5250.0,1648.34
2025-07-31,Laptop,Electronics,East,Retail,18,55000,15,841500.0,97187.99
2025-02-09,Table,Furniture,North,Wholesale,1,7000,5,6650.0,1585.55
2024-12-18,Mouse,Electronics,North,Wholesale,18,800,0,14400.0,2442.6
2024-02-02,Table,Furniture,West,Wholesale,14,7000,5,93100.0,16592.22
2025-01-26,Monitor,Electronics,South,Wholesale,13,15000,15,165750.0,53805.38
2024-05-01,Keyboard,Electronics,South,Retail,18,1500,15,22950.0,3816.38
2024-01-24,Table,Furniture,West,Retail,15,7000,20,84000.0,12889.97
2024-09-10,Monitor,Electronics,North,Retail,12,15000,5,171000.0,57114.91
2025-11-07,Printer,Electronics,North,Retail,20,12000,0,240000.0,90672.03
2025-08-31,Laptop,Electronics,North,Retail,15,55000,20,660000.0,39924.15
2024-02-15,Printer,Electronics,North,Retail,15,12000,5,171000.0,42852.97
2025-05-30,Table,Furniture,East,Retail,8,7000,20,44800.0,8642.42
2024-11-05,Keyboard,Electronics,East,Retail,17,1500,5,24225.0,7036.26
2025-07-24,Bag,Accessories,North,Wholesale,6,1800,15,9180.0,1439.04
2025-10-20,Printer,Electronics,West,Retail,17,12000,10,183600.0,28785.93
2024-11-03,Printer,Electronics,South,Wholesale,6,12000,20,57600.0,7771.99
2025-12-25,Keyboard,Electronics,West,Retail,15,1500,0,22500.0,6328.89
2025-02-01,Chair,Furniture,North,Wholesale,9,4500,5,38475.0,12187.3
2025-01-14,Mouse,Electronics,West,Retail,18,800,5,13680.0,5537.36
2024-03-15,Chair,Furniture,South,Wholesale,19,4500,20,68400.0,15808.53
2024-11-06,Laptop,Electronics,North,Wholesale,7,55000,5,365750.0,42880.04
2024-09-05,Bag,Accessories,East,Wholesale,7,1800,15,10710.0,320.82
2025-01-24,Monitor,Electronics,East,Wholesale,18,15000,10,243000.0,69517.79
2025-04-22,Mouse,Electronics,East,Wholesale,16,800,10,11520.0,968.97
2025-02-27,Laptop,Electronics,North,Wholesale,19,55000,5,992750.0,185617.38
2025-07-20,Bag,Accessories,South,Wholesale,19,1800,15,29070.0,7231.33
2024-08-23,Printer,Electronics,East,Wholesale,19,12000,5,216600.0,57047.78
2025-05-15,Monitor,Electronics,East,Retail,15,15000,5,213750.0,40537.87
2024-05-23,Bottle,Accessories,North,Retail,16,350,5,5320.0,699.61
2024-03-17,Laptop,Electronics,South,Retail,1,55000,15,46750.0,14231.39
2025-12-25,Keyboard,Electronics,East,Retail,1,1500,5,1425.0,372.42
2025-09-24,Bag,Accessories,West,Retail,16,1800,15,24480.0,8504.08
2024-01-18,Bottle,Accessories,North,Wholesale,9,350,20,2520.0,-136.22
2024-07-02,Mouse,Electronics,South,Wholesale,4,800,20,2560.0,657.06
2024-12-28,Table,Furniture,West,Wholesale,13,7000,0,91000.0,30765.69
2025-08-01,Chair,Furniture,North,Retail,8,4500,10,32400.0,5212.35
2024-04-05,Printer,Electronics,North,Retail,13,12000,15,132600.0,20933.57
2025-12-20,Keyboard,Electronics,East,Retail,3,1500,15,3825.0,208.8
2025-06-24,Laptop,Electronics,West,Wholesale,8,55000,5,418000.0,57031.97
2024-02-17,Mouse,Electronics,North,Retail,9,800,20,5760.0,582.82
2024-11-18,Laptop,Electronics,West,Retail,7,55000,20,308000.0,79595.87
2024-11-02,Keyboard,Electronics,West,Wholesale,19,1500,5,27075.0,6554.75
2025-01-28,Keyboard,Electronics,East,Retail,3,1500,20,3600.0,118.63
2024-04-10,Printer,Electronics,West,Wholesale,8,12000,0,96000.0,33390.93
2024-01-31,Table,Furniture,West,Wholesale,15,7000,15,89250.0,24313.64
2024-07-09,Bag,Accessories,East,Retail,13,1800,0,23400.0,5109.38
2025-12-31,Mouse,Electronics,South,Wholesale,3,800,10,2160.0,728.96
2024-11-20,Notebook,Stationery,East,Wholesale,4,120,0,480.0,215.25
2025-01-03,Table,Furniture,West,Wholesale,4,7000,5,26600.0,10466.7
2025-07-24,Bottle,Accessories,North,Wholesale,17,350,15,5057.5,1600.62
2025-07-21,Mouse,Electronics,West,Retail,20,800,20,12800.0,234.69
2024-10-25,Printer,Electronics,South,Retail,13,12000,0,156000.0,36277.31
2025-12-02,Printer,Electronics,East,Wholesale,6,12000,5,68400.0,22991.35
2024-05-29,Mouse,Electronics,East,Wholesale,6,800,15,4080.0,1042.61
2024-03-19,Notebook,Stationery,West,Retail,9,120,5,1026.0,198.43
2025-04-13,Mouse,Electronics,West,Wholesale,5,800,10,3600.0,1391.88
2025-09-27,Printer,Electronics,South,Wholesale,11,12000,15,112200.0,26344.45
2024-11-24,Bag,Accessories,West,Wholesale,7,1800,15,10710.0,2592.39
2024-10-25,Monitor,Electronics,East,Wholesale,19,15000,5,270750.0,86136.73
2025-01-08,Mouse,Electronics,South,Retail,19,800,5,14440.0,3379.44
2025-04-17,Chair,Furniture,North,Wholesale,15,4500,10,60750.0,6791.54
2025-11-20,Monitor,Electronics,South,Wholesale,5,15000,10,67500.0,20804.52
2025-01-21,Mouse,Electronics,West,Wholesale,15,800,20,9600.0,1274.76
2025-07-10,Laptop,Electronics,North,Retail,12,55000,20,528000.0,47423.65
2024-09-11,Notebook,Stationery,West,Wholesale,6,120,20,576.0,170.43
2025-03-16,Mouse,Electronics,South,Wholesale,1,800,0,800.0,297.9
2025-01-18,Printer,Electronics,South,Wholesale,15,12000,20,144000.0,7716.39
2024-01-26,Monitor,Electronics,North,Retail,4,15000,10,54000.0,13512.44
2024-05-25,Notebook,Stationery,South,Wholesale,10,120,10,1080.0,256.08
2024-12-22,Monitor,Electronics,West,Wholesale,4,15000,15,51000.0,5004.11
2024-03-09,Table,Furniture,East,Retail,2,7000,0,14000.0,6205.14
2025-11-24,Keyboard,Electronics,South,Wholesale,8,1500,20,9600.0,2371.97
2025-07-27,Printer,Electronics,South,Retail,15,12000,5,171000.0,28921.19
2025-10-17,Printer,Electronics,South,Wholesale,13,12000,0,156000.0,35690.22
2025-08-29,Printer,Electronics,South,Wholesale,13,12000,0,156000.0,37218.37
2025-12-21,Mouse,Electronics,South,Wholesale,19,800,0,15200.0,3194.27
2024-11-29,Chair,Furniture,West,Wholesale,15,4500,0,67500.0,25062.34
2025-09-03,Printer,Electronics,East,Wholesale,20,12000,15,204000.0,29735.66
2025-04-13,Bag,Accessories,North,Retail,6,1800,10,9720.0,803.47
2024-11-16,Mouse,Electronics,East,Retail,8,800,10,5760.0,2015.46
2025-06-07,Printer,Electronics,West,Wholesale,14,12000,20,134400.0,35051.49
2024-07-09,Monitor,Electronics,West,Wholesale,18,15000,5,256500.0,63052.08
2024-05-23,Keyboard,Electronics,East,Retail,11,1500,15,14025.0,1883.92
2025-05-11,Keyboard,Electronics,West,Wholesale,7,1500,15,8925.0,113.94
2025-12-02,Monitor,Electronics,North,Retail,14,15000,15,178500.0,32211.93
2024-08-13,Table,Furniture,East,Retail,2,7000,10,12600.0,3955.66
2025-04-13,Bag,Accessories,North,Wholesale,16,1800,20,23040.0,2786.64
2025-07-10,Notebook,Stationery,West,Retail,18,120,0,2160.0,479.52
2025-03-11,Mouse,Electronics,North,Wholesale,8,800,10,5760.0,560.37
2024-09-26,Notebook,Stationery,North,Retail,3,120,15,306.0,14.55
2024-08-02,Bag,Accessories,South,Retail,12,1800,20,17280.0,1299.65
2024-07-30,Chair,Furniture,East,Retail,2,4500,20,7200.0,1302.8
2024-11-27,Table,Furniture,North,Retail,10,7000,20,56000.0,11885.8
2025-02-25,Laptop,Electronics,South,Retail,9,55000,5,470250.0,93838.16
2024-05-29,Notebook,Stationery,East,Wholesale,8,120,15,816.0,147.04
2025-01-19,Monitor,Electronics,East,Wholesale,3,15000,0,45000.0,14811.51
2025-04-10,Monitor,Electronics,North,Wholesale,11,15000,20,132000.0,41127.58
2025-10-12,Notebook,Stationery,West,Retail,3,120,20,288.0,47.05
2025-05-21,Table,Furniture,South,Wholesale,11,7000,10,69300.0,19147.86
2024-12-17,Laptop,Electronics,West,Retail,2,55000,0,110000.0,28836.08
2024-05-07,Keyboard,Electronics,West,Retail,15,1500,15,19125.0,6745.44
2025-12-06,Keyboard,Electronics,East,Retail,10,1500,5,14250.0,2065.09
2025-11-01,Notebook,Stationery,South,Retail,9,120,0,1080.0,365.52
2025-02-09,Table,Furniture,North,Retail,8,7000,15,47600.0,5787.85
2024-08-06,Monitor,Electronics,West,Retail,3,15000,5,42750.0,9985.33
2024-01-09,Notebook,Stationery,West,Retail,4,120,15,408.0,44.06
2024-08-22,Printer,Electronics,East,Wholesale,3,12000,0,36000.0,15085.42
2024-05-20,Printer,Electronics,North,Retail,5,12000,5,57000.0,22768.59
2025-03-26,Notebook,Stationery,West,Retail,7,120,5,798.0,104.19
2024-03-29,Mouse,Electronics,West,Wholesale,5,800,0,4000.0,1092.51
2025-03-15,Notebook,Stationery,North,Retail,5,120,5,570.0,190.15
2025-07-20,Bag,Accessories,North,Wholesale,20,1800,20,28800.0,5922.86
2024-07-29,Bottle,Accessories,West,Wholesale,20,350,20,5600.0,1353.84
2025-10-23,Laptop,Electronics,South,Wholesale,8,55000,15,374000.0,81063.1
2025-10-15,Bag,Accessories,North,Wholesale,3,1800,20,4320.0,-89.73
2024-11-20,Keyboard,Electronics,South,Wholesale,13,1500,20,15600.0,2412.95
2024-03-15,Laptop,Electronics,South,Retail,19,55000,0,1045000.0,465925.76
2024-03-02,Printer,Electronics,West,Wholesale,17,12000,10,183600.0,32931.47
2025-12-19,Printer,Electronics,South,Wholesale,3,12000,20,28800.0,3193.32
2024-03-26,Table,Furniture,South,Wholesale,3,7000,20,16800.0,-551.83
2025-02-04,Bag,Accessories,South,Retail,3,1800,10,4860.0,758.15
2024-09-07,Mouse,Electronics,North,Wholesale,14,800,0,11200.0,3516.67
2025-11-13,Keyboard,Electronics,North,Retail,4,1500,0,6000.0,1425.78
2025-05-23,Notebook,Stationery,East,Retail,17,120,20,1632.0,30.81
2025-01-15,Keyboard,Electronics,North,Wholesale,9,1500,0,13500.0,2950.71
2025-03-15,Table,Furniture,North,Wholesale,17,7000,0,119000.0,44162.7
2025-04-11,Bottle,Accessories,South,Wholesale,12,350,0,4200.0,1260.49
2024-06-10,Table,Furniture,North,Retail,4,7000,20,22400.0,1337.39
2025-06-05,Laptop,Electronics,West,Wholesale,2,55000,0,110000.0,41429.8
2025-01-27,Keyboard,Electronics,West,Retail,6,1500,0,9000.0,2557.27
2024-11-25,Chair,Furniture,North,Wholesale,14,4500,10,56700.0,16923.22
2024-05-02,Bottle,Accessories,North,Wholesale,2,350,5,665.0,233.13
2024-03-11,Monitor,Electronics,West,Retail,10,15000,10,135000.0,37771.46
2025-01-12,Chair,Furniture,South,Wholesale,10,4500,20,36000.0,659.15
2025-01-12,Bag,Accessories,South,Retail,16,1800,5,27360.0,5191.52
2024-01-07,Printer,Electronics,North,Wholesale,1,12000,5,11400.0,2850.44
2024-01-02,Printer,Electronics,South,Wholesale,10,12000,0,120000.0,46613.0
2025-05-18,Laptop,Electronics,South,Wholesale,5,55000,10,247500.0,88575.3
2025-12-18,Notebook,Stationery,South,Wholesale,15,120,0,1800.0,496.38
2024-03-17,Bag,Accessories,South,Retail,19,1800,0,34200.0,10927.08
2024-10-25,Table,Furniture,East,Wholesale,11,7000,15,65450.0,6913.24
2025-04-08,Table,Furniture,South,Retail,8,7000,0,56000.0,9348.28
2024-06-08,Mouse,Electronics,West,Retail,6,800,15,4080.0,768.88
2025-07-02,Notebook,Stationery,East,Retail,7,120,15,714.0,174.31
2024-04-02,Keyboard,Electronics,East,Retail,10,1500,20,12000.0,3568.52
2024-04-03,Chair,Furniture,East,Wholesale,12,4500,15,45900.0,7881.95
2024-06-27,Laptop,Electronics,South,Retail,13,55000,15,607750.0,95247.92
2025-04-18,Mouse,Electronics,South,Retail,5,800,0,4000.0,1785.65
2024-07-21,Printer,Electronics,East,Retail,12,12000,0,144000.0,39643.61
2024-01-23,Mouse,Electronics,North,Wholesale,7,800,15,4760.0,320.38
2024-05-05,Laptop,Electronics,West,Wholesale,15,55000,0,825000.0,329672.67
2025-05-23,Laptop,Electronics,South,Retail,13,55000,15,607750.0,177432.85
2024-10-08,Table,Furniture,South,Wholesale,15,7000,5,99750.0,40908.54
2025-05-25,Printer,Electronics,East,Wholesale,18,12000,15,183600.0,60848.56
2024-05-20,Printer,Electronics,North,Wholesale,7,12000,20,67200.0,14721.48
2025-12-31,Notebook,Stationery,East,Wholesale,16,120,20,1536.0,29.89
2025-02-01,Table,Furniture,South,Retail,6,7000,0,42000.0,14882.14
2024-10-14,Laptop,Electronics,South,Retail,16,55000,20,704000.0,125637.72
2024-04-12,Chair,Furniture,North,Retail,8,4500,10,32400.0,6836.15
2025-08-12,Printer,Electronics,East,Wholesale,12,12000,5,136800.0,49992.46
2025-08-28,Laptop,Electronics,South,Wholesale,12,55000,20,528000.0,53405.92
2025-07-09,Table,Furniture,North,Retail,6,7000,15,35700.0,12121.66
2025-09-08,Chair,Furniture,East,Retail,1,4500,20,3600.0,479.71
2024-05-13,Notebook,Stationery,South,Retail,6,120,10,648.0,239.14
2024-04-23,Bottle,Accessories,West,Retail,12,350,0,4200.0,1419.28
2024-12-10,Table,Furniture,West,Wholesale,11,7000,5,73150.0,8257.62
2025-10-26,Notebook,Stationery,East,Retail,6,120,20,576.0,30.19
2025-11-12,Bag,Accessories,East,Retail,6,1800,15,9180.0,2245.89
2024-06-30,Laptop,Electronics,North,Retail,19,55000,15,888250.0,46787.69
2025-09-08,Notebook,Stationery,North,Wholesale,20,120,5,2280.0,499.45
2024-05-24,Notebook,Stationery,East,Retail,3,120,5,342.0,106.54
2025-10-13,Mouse,Electronics,South,Retail,11,800,15,7480.0,2609.92
2025-12-10,Mouse,Electronics,North,Retail,12,800,10,8640.0,1093.38
2025-01-30,Monitor,Electronics,West,Wholesale,14,15000,5,199500.0,28273.22
2024-12-25,Bottle,Accessories,South,Retail,13,350,0,4550.0,916.18
2025-04-07,Mouse,Electronics,East,Retail,2,800,10,1440.0,550.36
2024-03-16,Notebook,Stationery,North,Retail,6,120,15,612.0,181.24
2024-12-12,Bag,Accessories,West,Retail,20,1800,15,30600.0,3191.35
2025-09-13,Printer,Electronics,South,Retail,6,12000,0,72000.0,30212.83
2025-02-23,Bottle,Accessories,East,Retail,18,350,10,5670.0,956.47
2024-04-08,Laptop,Electronics,West,Retail,13,55000,20,572000.0,60847.37
2024-02-25,Notebook,Stationery,West,Retail,1,120,15,102.0,32.85
2024-04-09,Laptop,Electronics,North,Wholesale,7,55000,5,365750.0,80288.98
2024-04-28,Table,Furniture,East,Retail,13,7000,15,77350.0,13947.66
2025-10-19,Bottle,Accessories,West,Wholesale,13,350,5,4322.5,1313.56
2024-07-10,Monitor,Electronics,East,Retail,2,15000,10,27000.0,6542.34
2024-10-02,Bag,Accessories,North,Retail,2,1800,5,3420.0,627.59
2025-11-15,Notebook,Stationery,South,Retail,18,120,15,1836.0,18.98
2025-01-31,Bottle,Accessories,West,Retail,14,350,20,3920.0,215.01
2025-05-02,Table,Furniture,North,Retail,3,7000,15,17850.0,612.5
2024-05-03,Monitor,Electronics,South,Retail,6,15000,5,85500.0,9751.55
2024-02-13,Printer,Electronics,South,Wholesale,3,12000,15,30600.0,8619.27
2024-11-23,Mouse,Electronics,East,Wholesale,3,800,15,2040.0,319.42
2025-06-16,Monitor,Electronics,West,Retail,1,15000,20,12000.0,1105.91
2025-02-28,Keyboard,Electronics,North,Retail,5,1500,20,6000.0,552.15
2025-07-30,Mouse,Electronics,West,Wholesale,10,800,20,6400.0,-112.33
2025-01-27,Monitor,Electronics,South,Wholesale,19,15000,20,228000.0,30804.51
2025-02-16,Keyboard,Electronics,West,Retail,20,1500,20,24000.0,1372.68
2025-02-09,Notebook,Stationery,East,Wholesale,8,120,0,960.0,217.22
2024-01-21,Notebook,Stationery,West,Retail,10,120,10,1080.0,319.08
2024-08-21,Keyboard,Electronics,East,Wholesale,10,1500,15,12750.0,1016.86
2025-03-02,Bag,Accessories,West,Wholesale,3,1800,5,5130.0,1444.42
2025-06-12,Notebook,Stationery,North,Wholesale,2,120,20,192.0,3.01
2025-12-27,Bottle,Accessories,North,Retail,13,350,5,4322.5,754.6
2024-07-16,Chair,Furniture,North,Wholesale,2,4500,5,8550.0,3510.71
2025-12-22,Chair,Furniture,West,Retail,9,4500,10,36450.0,4169.4
2025-11-28,Laptop,Electronics,West,Retail,8,55000,10,396000.0,89480.15
2025-04-30,Bag,Accessories,East,Retail,18,1800,10,29160.0,7993.9
2024-10-18,Laptop,Electronics,South,Retail,13,55000,0,715000.0,286806.36
2025-10-24,Chair,Furniture,North,Retail,7,4500,10,28350.0,4867.5
2025-04-30,Keyboard,Electronics,South,Wholesale,6,1500,20,7200.0,87.67
2025-09-14,Table,Furniture,East,Wholesale,9,7000,15,53550.0,1975.37
2024-09-15,Chair,Furniture,West,Retail,15,4500,10,60750.0,9911.78
2024-01-08,Bottle,Accessories,East,Wholesale,12,350,20,3360.0,234.35
2025-12-01,Mouse,Electronics,East,Wholesale,16,800,0,12800.0,4468.67
2024-10-10,Table,Furniture,South,Retail,10,7000,5,66500.0,24851.48
2025-09-06,Printer,Electronics,West,Wholesale,11,12000,5,125400.0,24237.19
2024-09-22,Printer,Electronics,South,Wholesale,13,12000,15,132600.0,12320.94
2025-12-31,Chair,Furniture,East,Wholesale,18,4500,15,68850.0,2271.41
2024-06-23,Bottle,Accessories,South,Wholesale,6,350,10,1890.0,673.51
2025-07-26,Keyboard,Electronics,South,Wholesale,11,1500,0,16500.0,6324.85
2025-03-06,Notebook,Stationery,West,Retail,12,120,10,1296.0,251.03
2025-04-26,Laptop,Electronics,North,Wholesale,19,55000,20,836000.0,-34788.36
2024-07-18,Bottle,Accessories,West,Retail,4,350,15,1190.0,197.47
2024-06-03,Keyboard,Electronics,West,Retail,7,1500,10,9450.0,2386.05
2024-11-19,Keyboard,Electronics,South,Wholesale,3,1500,15,3825.0,900.95
2025-10-11,Laptop,Electronics,South,Retail,1,55000,15,46750.0,11986.79
2025-05-16,Mouse,Electronics,West,Wholesale,5,800,20,3200.0,479.55
2025-03-15,Monitor,Electronics,South,Wholesale,13,15000,0,195000.0,85543.07
2024-01-15,Notebook,Stationery,North,Retail,17,120,5,1938.0,805.04
2024-08-19,Notebook,Stationery,East,Retail,10,120,5,1140.0,443.03
2024-03-07,Laptop,Electronics,East,Wholesale,10,55000,10,495000.0,117272.16
2025-12-04,Keyboard,Electronics,South,Retail,11,1500,15,14025.0,3171.71
2025-02-17,Laptop,Electronics,South,Retail,8,55000,5,418000.0,80013.71
2024-01-23,Bag,Accessories,North,Wholesale,17,1800,5,29070.0,11109.37
2025-10-17,Table,Furniture,North,Retail,18,7000,20,100800.0,29663.41
2025-10-31,Laptop,Electronics,West,Retail,2,55000,0,110000.0,35746.41
2025-07-14,Table,Furniture,North,Wholesale,16,7000,5,106400.0,37895.37
2025-03-06,Mouse,Electronics,South,Wholesale,17,800,10,12240.0,2218.99
2024-04-17,Bottle,Accessories,North,Wholesale,20,350,0,7000.0,2556.32
2024-07-22,Bag,Accessories,South,Wholesale,7,1800,10,11340.0,1266.93
2025-12-21,Printer,Electronics,West,Retail,10,12000,5,114000.0,46581.39
2025-12-05,Monitor,Electronics,North,Retail,11,15000,5,156750.0,65864.47
2025-08-10,Monitor,Electronics,North,Retail,5,15000,0,75000.0,16210.66
2024-09-19,Chair,Furniture,North,Retail,15,4500,10,60750.0,18276.47
2024-06-27,Laptop,Electronics,East,Wholesale,10,55000,10,495000.0,60236.64
2024-04-28,Mouse,Electronics,South,Wholesale,2,800,0,1600.0,311.04
2025-01-01,Monitor,Electronics,North,Wholesale,20,15000,10,270000.0,25937.2
2024-12-16,Keyboard,Electronics,West,Wholesale,4,1500,15,5100.0,1079.55
2025-01-29,Monitor,Electronics,North,Retail,14,15000,5,199500.0,76877.44
2024-04-16,Printer,Electronics,West,Retail,19,12000,15,193800.0,13525.09
2025-09-17,Printer,Electronics,South,Wholesale,12,12000,20,115200.0,34755.14
2025-05-14,Mouse,Electronics,East,Wholesale,14,800,15,9520.0,3205.53
2024-01-13,Bottle,Accessories,East,Retail,19,350,20,5320.0,1215.65
2025-03-19,Chair,Furniture,West,Retail,16,4500,10,64800.0,10863.85
2025-07-25,Bag,Accessories,South,Wholesale,2,1800,0,3600.0,925.13
2025-05-22,Keyboard,Electronics,East,Wholesale,3,1500,15,3825.0,917.14
2024-02-21,Bottle,Accessories,West,Retail,8,350,20,2240.0,159.61
2024-03-21,Monitor,Electronics,West,Wholesale,15,15000,20,180000.0,26003.35
2024-11-19,Mouse,Electronics,West,Retail,16,800,0,12800.0,5365.85
2025-07-24,Bottle,Accessories,East,Retail,1,350,0,350.0,74.36
2025-11-01,Monitor,Electronics,South,Wholesale,11,15000,10,148500.0,16897.11
2024-12-05,Bottle,Accessories,East,Wholesale,20,350,20,5600.0,756.42
2024-04-26,Mouse,Electronics,East,Wholesale,8,800,0,6400.0,2224.59
2025-12-19,Mouse,Electronics,West,Retail,2,800,5,1520.0,403.64
2024-09-17,Bag,Accessories,West,Retail,7,1800,5,11970.0,4583.58
2025-04-13,Chair,Furniture,North,Retail,11,4500,0,49500.0,11031.33
2025-04-06,Monitor,Electronics,West,Retail,19,15000,20,228000.0,59738.62
2025-06-27,Laptop,Electronics,West,Retail,18,55000,15,841500.0,47871.62
2025-12-09,Bag,Accessories,East,Wholesale,6,1800,5,10260.0,3984.49
2025-03-04,Bag,Accessories,East,Wholesale,8,1800,10,12960.0,3321.2
2025-04-08,Keyboard,Electronics,East,Wholesale,5,1500,15,6375.0,894.32
2025-12-29,Bottle,Accessories,East,Wholesale,7,350,5,2327.5,825.86
2025-11-19,Keyboard,Electronics,East,Retail,6,1500,20,7200.0,785.27
2024-12-26,Bottle,Accessories,West,Wholesale,16,350,20,4480.0,441.33
2025-03-08,Laptop,Electronics,South,Retail,17,55000,0,935000.0,413661.16
2025-11-17,Laptop,Electronics,South,Wholesale,7,55000,10,346500.0,48103.63
2025-11-30,Table,Furniture,East,Retail,5,7000,0,35000.0,8498.75
2025-07-08,Laptop,Electronics,South,Wholesale,12,55000,15,561000.0,177708.96
2024-08-31,Bottle,Accessories,West,Wholesale,10,350,0,3500.0,602.19
2025-12-02,Notebook,Stationery,East,Retail,18,120,0,2160.0,963.6
2025-09-27,Monitor,Electronics,South,Retail,8,15000,10,108000.0,14816.12
2024-10-28,Monitor,Electronics,South,Retail,6,15000,0,90000.0,35451.63
2025-01-21,Laptop,Electronics,South,Retail,14,55000,10,693000.0,140925.72
2025-08-21,Table,Furniture,South,Retail,1,7000,10,6300.0,1470.7
2024-06-06,Notebook,Stationery,East,Wholesale,20,120,0,2400.0,522.96
2025-08-09,Bottle,Accessories,East,Retail,12,350,0,4200.0,902.12
2024-07-07,Bottle,Accessories,West,Retail,3,350,20,840.0,212.3
2024-12-23,Chair,Furniture,East,Retail,7,4500,10,28350.0,7896.42
2025-09-25,Bottle,Accessories,North,Retail,16,350,20,4480.0,16.2
2025-11-15,Notebook,Stationery,South,Retail,15,120,5,1710.0,231.57
2025-11-29,Notebook,Stationery,East,Retail,13,120,0,1560.0,521.41
2025-06-13,Notebook,Stationery,North,Wholesale,17,120,20,1632.0,237.32
2025-10-29,Chair,Furniture,North,Retail,11,4500,20,39600.0,11152.17
2025-07-04,Bottle,Accessories,South,Wholesale,1,350,0,350.0,135.37
2024-04-16,Chair,Furniture,North,Retail,18,4500,15,68850.0,8588.56
2024-01-25,Monitor,Electronics,North,Retail,11,15000,0,165000.0,69917.72
2024-09-14,Bottle,Accessories,East,Wholesale,3,350,20,840.0,3.69
2025-02-01,Monitor,Electronics,West,Retail,13,15000,15,165750.0,39990.35
2025-07-01,Laptop,Electronics,North,Retail,20,55000,0,1100000.0,245533.0
2025-01-01,Bottle,Accessories,East,Retail,4,350,10,1260.0,159.51
2024-10-15,Monitor,Electronics,North,Wholesale,13,15000,15,165750.0,10405.84
2024-06-09,Bottle,Accessories,East,Retail,8,350,5,2660.0,492.73
2024-11-01,Notebook,Stationery,South,Retail,1,120,20,96.0,-1.49
2024-02-12,Laptop,Electronics,North,Wholesale,19,55000,20,836000.0,137705.39
2024-08-03,Notebook,Stationery,South,Retail,7,120,15,714.0,23.78
2024-07-07,Chair,Furniture,South,Retail,20,4500,10,81000.0,26253.19
2025-07-16,Monitor,Electronics,North,Wholesale,18,15000,0,270000.0,97957.13
2024-04-10,Chair,Furniture,East,Retail,19,4500,15,72675.0,1243.0
2025-11-18,Chair,Furniture,South,Wholesale,4,4500,10,16200.0,2954.61
2025-05-12,Monitor,Electronics,South,Wholesale,11,15000,20,132000.0,8608.6
2024-11-19,Printer,Electronics,South,Wholesale,6,12000,0,72000.0,25634.56
2024-10-10,Notebook,Stationery,West,Wholesale,5,120,10,540.0,51.98
2025-01-02,Table,Furniture,North,Wholesale,16,7000,20,89600.0,24343.22
2024-05-23,Bottle,Accessories,North,Retail,7,350,10,2205.0,318.34
2024-01-20,Bottle,Accessories,South,Retail,1,350,20,280.0,26.72
2025-07-18,Table,Furniture,South,Wholesale,18,7000,20,100800.0,13654.47
2025-02-05,Chair,Furniture,North,Wholesale,19,4500,10,76950.0,26490.95
2025-01-07,Bottle,Accessories,South,Retail,1,350,5,332.5,50.96
2025-04-01,Keyboard,Electronics,South,Wholesale,6,1500,20,7200.0,-311.52
2025-01-02,Laptop,Electronics,East,Wholesale,8,55000,15,374000.0,101409.01
2024-08-27,Laptop,Electronics,East,Wholesale,7,55000,20,308000.0,-8592.36
2025-04-25,Monitor,Electronics,East,Retail,2,15000,0,30000.0,4674.69
2025-12-21,Bottle,Accessories,South,Wholesale,9,350,10,2835.0,555.69
2025-10-31,Printer,Electronics,North,Wholesale,12,12000,20,115200.0,7775.86
2025-01-20,Chair,Furniture,East,Wholesale,17,4500,15,65025.0,14850.99
2025-05-08,Bag,Accessories,West,Retail,1,1800,20,1440.0,-26.3
2024-08-23,Mouse,Electronics,South,Retail,17,800,10,12240.0,3897.01
2025-01-05,Bag,Accessories,East,Retail,4,1800,5,6840.0,1984.43
2025-05-08,Monitor,Electronics,West,Retail,16,15000,5,228000.0,53463.06
2024-09-06,Laptop,Electronics,South,Retail,5,55000,20,220000.0,19881.32
2025-08-09,Keyboard,Electronics,South,Wholesale,2,1500,5,2850.0,967.57
2025-09-05,Bag,Accessories,South,Wholesale,1,1800,10,1620.0,118.48
2025-09-13,Monitor,Electronics,West,Retail,16,15000,5,228000.0,80205.81
2025-08-19,Keyboard,Electronics,East,Wholesale,20,1500,20,24000.0,5119.31
2025-09-02,Bag,Accessories,South,Retail,3,1800,5,5130.0,1547.3
2024-01-17,Chair,Furniture,South,Retail,17,4500,20,61200.0,3418.76
2024-06-30,Monitor,Electronics,North,Retail,20,15000,20,240000.0,71486.71
2025-05-08,Keyboard,Electronics,West,Wholesale,20,1500,20,24000.0,52.3
2025-01-14,Laptop,Electronics,West,Wholesale,17,55000,15,794750.0,216129.11
2024-12-24,Bag,Accessories,East,Wholesale,19,1800,0,34200.0,11024.48
2024-08-26,Mouse,Electronics,West,Wholesale,10,800,20,6400.0,-104.24
2024-07-12,Laptop,Electronics,North,Wholesale,1,55000,20,44000.0,5128.08
2025-11-01,Chair,Furniture,South,Wholesale,11,4500,15,42075.0,9470.29
2025-10-29,Bag,Accessories,West,Wholesale,9,1800,10,14580.0,1514.81
2025-09-18,Table,Furniture,West,Retail,13,7000,5,86450.0,25118.87
2025-01-14,Bottle,Accessories,East,Wholesale,18,350,15,5355.0,1410.36
2025-12-23,Printer,Electronics,West,Retail,5,12000,0,60000.0,13539.34
2024-04-12,Chair,Furniture,North,Retail,17,4500,15,65025.0,4909.44
2025-02-02,Laptop,Electronics,West,Retail,3,55000,5,156750.0,42652.4
2024-03-06,Table,Furniture,North,Wholesale,8,7000,10,50400.0,18255.33
2025-02-14,Bag,Accessories,North,Retail,17,1800,10,27540.0,4177.46
2025-10-17,Monitor,Electronics,East,Retail,15,15000,0,225000.0,87634.76
2024-02-04,Bag,Accessories,South,Retail,17,1800,20,24480.0,1238.23
2025-01-03,Chair,Furniture,East,Wholesale,1,4500,5,4275.0,1682.76
2024-12-27,Printer,Electronics,North,Retail,13,12000,20,124800.0,29625.47
2024-04-02,Bottle,Accessories,East,Wholesale,10,350,20,2800.0,-85.76
2024-10-10,Chair,Furniture,West,Retail,20,4500,5,85500.0,23721.51
2024-09-24,Keyboard,Electronics,North,Wholesale,14,1500,20,16800.0,4579.27
2024-12-14,Mouse,Electronics,East,Wholesale,17,800,10,12240.0,1185.46
2025-01-21,Bag,Accessories,West,Wholesale,16,1800,5,27360.0,4975.43
2025-08-23,Laptop,Electronics,West,Retail,16,55000,0,880000.0,327935.58
2025-11-24,Chair,Furniture,North,Wholesale,11,4500,15,42075.0,661.63
2024-09-11,Table,Furniture,East,Retail,3,7000,15,17850.0,2055.7
2025-07-21,Keyboard,Electronics,East,Retail,16,1500,10,21600.0,5854.53
2025-11-30,Chair,Furniture,South,Wholesale,16,4500,5,68400.0,23726.99
2024-07-30,Chair,Furniture,East,Retail,7,4500,5,29925.0,4696.64
2024-04-19,Mouse,Electronics,North,Wholesale,3,800,15,2040.0,278.04
2025-01-15,Bag,Accessories,East,Wholesale,11,1800,15,16830.0,605.16
2024-07-06,Bottle,Accessories,South,Retail,9,350,15,2677.5,735.12
2025-06-22,Printer,Electronics,East,Wholesale,16,12000,20,153600.0,46124.39
2025-12-03,Keyboard,Electronics,West,Wholesale,15,1500,0,22500.0,5411.85
2025-12-06,Laptop,Electronics,North,Wholesale,1,55000,5,52250.0,15739.44
2025-01-05,Bag,Accessories,South,Wholesale,9,1800,5,15390.0,3813.98
2025-04-27,Bag,Accessories,West,Retail,11,1800,10,17820.0,5837.55
2025-03-05,Notebook,Stationery,South,Retail,12,120,15,1224.0,311.2
2025-08-12,Chair,Furniture,West,Wholesale,4,4500,10,16200.0,1957.93
2024-07-19,Keyboard,Electronics,South,Wholesale,5,1500,15,6375.0,437.25
2025-05-26,Keyboard,Electronics,West,Wholesale,17,1500,20,20400.0,862.71
2024-09-13,Bottle,Accessories,South,Retail,19,350,0,6650.0,2197.69
2024-08-08,Table,Furniture,East,Wholesale,16,7000,0,112000.0,35284.88
2025-01-04,Notebook,Stationery,East,Wholesale,18,120,20,1728.0,-63.84
2024-01-21,Printer,Electronics,South,Retail,4,12000,10,43200.0,4309.89
2024-10-18,Notebook,Stationery,West,Retail,11,120,20,1056.0,136.95
2025-01-25,Bag,Accessories,South,Retail,10,1800,15,15300.0,1988.75
2025-10-17,Notebook,Stationery,North,Retail,14,120,20,1344.0,131.89
2024-06-14,Notebook,Stationery,East,Wholesale,8,120,10,864.0,244.74
2025-09-11,Printer,Electronics,East,Wholesale,9,12000,15,91800.0,7096.44
2025-02-27,Keyboard,Electronics,South,Wholesale,6,1500,0,9000.0,3712.39
2025-12-18,Mouse,Electronics,North,Retail,7,800,5,5320.0,1572.96
2025-04-29,Bottle,Accessories,North,Retail,2,350,0,700.0,153.1
2024-09-25,Bag,Accessories,West,Wholesale,5,1800,0,9000.0,2281.95
2024-08-22,Chair,Furniture,South,Retail,10,4500,15,38250.0,5042.51
2024-01-30,Laptop,Electronics,West,Wholesale,12,55000,10,594000.0,59880.25
2025-07-15,Monitor,Electronics,West,Wholesale,5,15000,20,60000.0,14766.68
2025-06-20,Bottle,Accessories,South,Retail,10,350,10,3150.0,719.27
2025-03-28,Table,Furniture,East,Retail,12,7000,15,71400.0,18652.86
2024-01-01,Bottle,Accessories,North,Wholesale,5,350,10,1575.0,461.95
2025-05-03,Table,Furniture,South,Retail,1,7000,15,5950.0,424.27
2025-07-15,Notebook,Stationery,West,Wholesale,7,120,15,714.0,29.7
2024-09-12,Keyboard,Electronics,North,Wholesale,13,1500,15,16575.0,4559.53
2025-10-02,Chair,Furniture,East,Wholesale,17,4500,20,61200.0,591.16
2025-10-26,Bottle,Accessories,North,Retail,9,350,15,2677.5,767.34
2024-05-19,Table,Furniture,East,Wholesale,4,7000,15,23800.0,3211.07
2024-07-11,Notebook,Stationery,North,Retail,1,120,5,114.0,46.21
2024-04-14,Table,Furniture,North,Retail,9,7000,5,59850.0,11682.8
2024-04-02,Keyboard,Electronics,West,Wholesale,1,1500,15,1275.0,352.27
2025-05-25,Notebook,Stationery,South,Retail,15,120,0,1800.0,631.67
2024-09-29,Printer,Electronics,South,Wholesale,3,12000,20,28800.0,3922.41
2025-01-25,Laptop,Electronics,West,Retail,4,55000,5,209000.0,62603.34
2024-02-04,Chair,Furniture,South,Wholesale,15,4500,0,67500.0,19821.93
2025-02-02,Table,Furniture,North,Retail,11,7000,5,73150.0,16266.31
2024-09-16,Monitor,Electronics,North,Retail,10,15000,5,142500.0,43780.8
2024-04-25,Chair,Furniture,East,Retail,14,4500,10,56700.0,21765.22
2025-02-09,Chair,Furniture,West,Retail,1,4500,0,4500.0,1240.55
2025-01-15,Mouse,Electronics,East,Retail,8,800,5,6080.0,1600.16
2024-03-02,Notebook,Stationery,South,Wholesale,5,120,20,480.0,7.54
2024-08-26,Notebook,Stationery,West,Retail,18,120,10,1944.0,234.02
2024-01-22,Printer,Electronics,North,Wholesale,12,12000,5,136800.0,46769.92
2025-12-24,Monitor,Electronics,West,Retail,18,15000,10,243000.0,50538.54
2025-08-03,Keyboard,Electronics,West,Wholesale,18,1500,10,24300.0,6828.18
2025-09-05,Bottle,Accessories,West,Wholesale,6,350,0,2100.0,610.38
2024-09-26,Bottle,Accessories,West,Retail,12,350,15,3570.0,1259.09
2024-01-20,Bag,Accessories,North,Wholesale,12,1800,20,17280.0,3852.66
2024-07-13,Bottle,Accessories,East,Wholesale,16,350,20,4480.0,1141.06
2025-02-23,Notebook,Stationery,North,Retail,4,120,0,480.0,140.66
2024-05-12,Keyboard,Electronics,South,Retail,2,1500,5,2850.0,1103.65
2024-02-02,Bag,Accessories,East,Retail,13,1800,15,19890.0,3328.73
2025-01-10,Chair,Furniture,South,Wholesale,20,4500,0,90000.0,40146.68
2024-03-22,Monitor,Electronics,West,Wholesale,2,15000,10,27000.0,5477.82
2025-12-26,Laptop,Electronics,North,Wholesale,20,55000,10,990000.0,210423.13
2024-03-20,Chair,Furniture,South,Wholesale,17,4500,0,76500.0,32101.88
2024-07-13,Chair,Furniture,South,Wholesale,17,4500,5,72675.0,17517.86
2024-04-18,Bag,Accessories,West,Retail,12,1800,15,18360.0,1927.47
2024-06-19,Keyboard,Electronics,South,Wholesale,18,1500,15,22950.0,4011.99
2024-12-26,Notebook,Stationery,West,Wholesale,18,120,10,1944.0,208.53
2024-11-27,Bag,Accessories,West,Wholesale,8,1800,20,11520.0,1242.89
2025-01-03,Monitor,Electronics,North,Wholesale,15,15000,15,191250.0,67486.8
2025-09-02,Laptop,Electronics,East,Retail,17,55000,5,888250.0,95347.93
2024-11-03,Chair,Furniture,East,Retail,7,4500,10,28350.0,10819.92
2024-04-06,Laptop,Electronics,East,Wholesale,15,55000,10,742500.0,250113.49
2025-08-19,Chair,Furniture,North,Wholesale,8,4500,10,32400.0,3840.4
2025-08-05,Chair,Furniture,South,Wholesale,3,4500,10,12150.0,1513.74
2025-12-07,Bag,Accessories,North,Wholesale,4,1800,20,5760.0,412.73
2024-03-21,Laptop,Electronics,West,Wholesale,11,55000,10,544500.0,52067.66
2024-05-03,Chair,Furniture,West,Retail,20,4500,0,90000.0,23385.05
2024-11-08,Bottle,Accessories,South,Wholesale,2,350,10,630.0,131.61
2025-05-29,Chair,Furniture,West,Wholesale,5,4500,0,22500.0,5577.96
2025-09-01,Bag,Accessories,East,Wholesale,17,1800,0,30600.0,11731.25
2024-05-31,Keyboard,Electronics,North,Wholesale,11,1500,0,16500.0,5069.52
2024-09-25,Mouse,Electronics,South,Retail,13,800,20,8320.0,1244.39
2025-05-07,Bottle,Accessories,South,Retail,7,350,15,2082.5,444.44
2024-09-05,Mouse,Electronics,North,Retail,9,800,15,6120.0,1461.43
2025-11-18,Printer,Electronics,East,Wholesale,14,12000,10,151200.0,41245.28
2025-08-31,Laptop,Electronics,West,Retail,10,55000,5,522500.0,57037.43
2025-03-27,Laptop,Electronics,South,Retail,8,55000,5,418000.0,85532.58
2024-04-25,Laptop,Electronics,East,Retail,8,55000,20,352000.0,-12328.32
2024-12-17,Mouse,Electronics,East,Retail,10,800,15,6800.0,1269.14
2025-07-04,Chair,Furniture,East,Wholesale,7,4500,20,25200.0,2930.14
2025-09-29,Keyboard,Electronics,North,Wholesale,1,1500,15,1275.0,187.65
2024-06-23,Laptop,Electronics,East,Retail,10,55000,5,522500.0,89783.9
2025-04-21,Laptop,Electronics,East,Retail,3,55000,15,140250.0,16811.55
2024-01-20,Table,Furniture,North,Wholesale,13,7000,5,86450.0,9651.66
2025-05-11,Bag,Accessories,West,Retail,18,1800,0,32400.0,12768.02
2024-02-10,Chair,Furniture,West,Retail,17,4500,10,68850.0,19119.58
2024-01-19,Notebook,Stationery,South,Wholesale,12,120,10,1296.0,233.9
2024-03-04,Table,Furniture,East,Retail,13,7000,0,91000.0,15175.07
2024-06-04,Notebook,Stationery,West,Retail,13,120,5,1482.0,582.91
2025-03-03,Chair,Furniture,East,Wholesale,19,4500,5,81225.0,23261.17
2025-04-04,Bottle,Accessories,South,Retail,5,350,5,1662.5,357.45
2024-11-12,Bottle,Accessories,South,Retail,5,350,15,1487.5,2.26
2024-11-21,Mouse,Electronics,North,Retail,18,800,20,11520.0,-497.96
2024-11-21,Keyboard,Electronics,West,Wholesale,1,1500,10,1350.0,128.94
2024-11-06,Monitor,Electronics,North,Retail,9,15000,5,128250.0,22446.13
2024-07-08,Laptop,Electronics,South,Retail,20,55000,20,880000.0,186935.34
2024-08-24,Laptop,Electronics,West,Retail,12,55000,0,660000.0,160748.03
2025-05-29,Bag,Accessories,West,Wholesale,16,1800,10,25920.0,8490.44
2025-04-30,Keyboard,Electronics,West,Retail,6,1500,5,8550.0,2989.06
2024-10-03,Printer,Electronics,North,Retail,8,12000,5,91200.0,16576.03
2025-03-25,Bag,Accessories,South,Wholesale,16,1800,10,25920.0,2591.06
2025-02-18,Laptop,Electronics,West,Retail,20,55000,15,935000.0,92333.7
2025-06-17,Mouse,Electronics,North,Retail,15,800,15,10200.0,622.76
2025-06-15,Bottle,Accessories,North,Retail,13,350,0,4550.0,1286.24
2024-10-25,Monitor,Electronics,East,Wholesale,13,15000,10,175500.0,22989.89
2024-06-19,Printer,Electronics,South,Wholesale,10,12000,20,96000.0,-3085.18
2025-10-23,Monitor,Electronics,South,Wholesale,3,15000,20,36000.0,9722.18
2025-02-27,Notebook,Stationery,South,Wholesale,15,120,0,1800.0,713.41
2024-04-02,Table,Furniture,North,Retail,11,7000,5,73150.0,14205.54
2024-04-26,Monitor,Electronics,West,Retail,12,15000,0,180000.0,52713.87
2025-01-22,Bottle,Accessories,East,Retail,13,350,0,4550.0,998.82
2024-06-15,Keyboard,Electronics,East,Wholesale,6,1500,0,9000.0,2917.13
2024-10-22,Keyboard,Electronics,North,Wholesale,4,1500,5,5700.0,671.22
2024-01-13,Monitor,Electronics,North,Wholesale,16,15000,15,204000.0,32867.92
2024-08-31,Chair,Furniture,West,Retail,19,4500,15,72675.0,14011.61
2025-09-07,Bag,Accessories,East,Retail,1,1800,5,1710.0,243.63
2024-02-20,Keyboard,Electronics,North,Retail,5,1500,0,7500.0,1905.13
2024-02-03,Bag,Accessories,North,Retail,20,1800,10,32400.0,9024.0
2024-04-21,Printer,Electronics,South,Wholesale,6,12000,5,68400.0,14282.85
2025-08-15,Notebook,Stationery,East,Wholesale,2,120,0,240.0,52.67
2025-01-23,Mouse,Electronics,West,Retail,14,800,20,8960.0,2581.85
2024-05-04,Table,Furniture,South,Retail,11,7000,20,61600.0,9692.19
2025-09-18,Laptop,Electronics,North,Wholesale,4,55000,20,176000.0,6837.92
2025-12-06,Bag,Accessories,East,Wholesale,10,1800,15,15300.0,2112.24
2025-06-22,Bag,Accessories,West,Wholesale,20,1800,10,32400.0,2587.26
2025-05-19,Keyboard,Electronics,South,Retail,20,1500,5,28500.0,5622.72
2024-05-01,Laptop,Electronics,South,Wholesale,15,55000,0,825000.0,188726.58
2025-02-27,Laptop,Electronics,South,Retail,11,55000,10,544500.0,110034.59
2025-10-17,Chair,Furniture,East,Wholesale,10,4500,10,40500.0,5082.36
2025-06-02,Bottle,Accessories,East,Wholesale,11,350,0,3850.0,1601.02
2025-02-09,Bag,Accessories,South,Wholesale,20,1800,0,36000.0,7213.94
2024-12-12,Monitor,Electronics,West,Retail,16,15000,0,240000.0,61513.04
2025-10-04,Monitor,Electronics,West,Retail,18,15000,10,243000.0,57039.92
2025-06-17,Table,Furniture,North,Retail,19,7000,10,119700.0,24398.43
2025-08-14,Notebook,Stationery,East,Retail,12,120,0,1440.0,229.13
2024-12-13,Printer,Electronics,West,Retail,18,12000,5,205200.0,49400.39
2025-09-01,Mouse,Electronics,East,Wholesale,10,800,10,7200.0,1096.38
2024-03-29,Monitor,Electronics,East,Retail,8,15000,10,108000.0,25731.37
2025-06-21,Table,Furniture,North,Retail,6,7000,0,42000.0,14184.88
2024-04-04,Monitor,Electronics,South,Retail,17,15000,0,255000.0,53624.57
2024-12-14,Monitor,Electronics,South,Retail,17,15000,10,229500.0,29921.71
2025-06-12,Keyboard,Electronics,North,Retail,7,1500,0,10500.0,3277.99
2024-11-14,Laptop,Electronics,North,Retail,20,55000,0,1100000.0,385014.38
2025-06-17,Table,Furniture,South,Wholesale,1,7000,20,5600.0,157.16
2024-07-24,Chair,Furniture,West,Retail,10,4500,10,40500.0,8564.28
2024-10-06,Keyboard,Electronics,North,Retail,6,1500,10,8100.0,2840.96
2025-07-09,Notebook,Stationery,East,Retail,18,120,10,1944.0,580.36
2024-06-24,Mouse,Electronics,West,Retail,10,800,20,6400.0,-141.38
2024-05-13,Laptop,Electronics,North,Retail,16,55000,0,880000.0,368035.29
2025-03-12,Printer,Electronics,West,Wholesale,6,12000,20,57600.0,-1251.56
2024-11-15,Notebook,Stationery,West,Retail,7,120,20,672.0,190.21
2024-04-05,Monitor,Electronics,West,Wholesale,4,15000,15,51000.0,12412.95
2024-08-25,Chair,Furniture,East,Wholesale,5,4500,20,18000.0,3883.14
2024-07-06,Notebook,Stationery,North,Wholesale,11,120,15,1122.0,202.95
2024-04-25,Notebook,Stationery,East,Wholesale,16,120,15,1632.0,88.84
2025-09-10,Bag,Accessories,North,Wholesale,5,1800,20,7200.0,1972.08
2025-07-23,Mouse,Electronics,West,Retail,10,800,20,6400.0,893.66
2025-09-27,Chair,Furniture,West,Retail,18,4500,5,76950.0,8734.43
2024-12-14,Chair,Furniture,West,Wholesale,19,4500,15,72675.0,5532.35
2025-07-11,Chair,Furniture,West,Retail,6,4500,0,27000.0,6161.13
2025-08-29,Bag,Accessories,West,Retail,15,1800,10,24300.0,4953.79
2024-11-11,Printer,Electronics,West,Wholesale,3,12000,20,28800.0,7825.56
2025-05-21,Laptop,Electronics,North,Retail,3,55000,5,156750.0,25556.84
2025-11-07,Keyboard,Electronics,West,Retail,15,1500,20,18000.0,3657.35
2024-07-29,Notebook,Stationery,East,Wholesale,10,120,20,960.0,14.04
2024-12-18,Mouse,Electronics,West,Retail,19,800,0,15200.0,4051.6
2024-10-28,Laptop,Electronics,North,Wholesale,12,55000,20,528000.0,-26644.1
2024-04-22,Table,Furniture,West,Wholesale,1,7000,5,6650.0,1893.4
2025-12-29,Printer,Electronics,South,Retail,13,12000,15,132600.0,26433.11
2025-05-01,Keyboard,Electronics,East,Wholesale,7,1500,20,8400.0,1413.53
2024-06-06,Table,Furniture,North,Retail,5,7000,5,33250.0,13878.17
2025-05-13,Printer,Electronics,West,Wholesale,5,12000,0,60000.0,24530.04
2025-12-13,Bag,Accessories,West,Wholesale,14,1800,20,20160.0,4940.73
2025-01-28,Notebook,Stationery,North,Wholesale,8,120,5,912.0,261.67
2024-08-30,Bottle,Accessories,East,Retail,9,350,15,2677.5,69.4
2024-02-08,Bag,Accessories,West,Retail,16,1800,10,25920.0,9102.26
2024-05-25,Bottle,Accessories,North,Retail,9,350,15,2677.5,456.48
2025-04-28,Mouse,Electronics,North,Wholesale,18,800,20,11520.0,2250.0
2025-07-01,Laptop,Electronics,West,Wholesale,16,55000,15,748000.0,128656.94
2025-03-07,Notebook,Stationery,East,Wholesale,10,120,10,1080.0,359.7
2024-03-03,Monitor,Electronics,East,Retail,19,15000,5,270750.0,65020.47
2024-10-20,Monitor,Electronics,East,Wholesale,3,15000,5,42750.0,11174.45
2024-05-15,Bag,Accessories,North,Retail,9,1800,10,14580.0,1500.81
2025-09-10,Keyboard,Electronics,East,Retail,19,1500,5,27075.0,5764.22
2024-09-24,Chair,Furniture,North,Wholesale,16,4500,5,68400.0,11533.56
2024-03-27,Keyboard,Electronics,West,Wholesale,20,1500,5,28500.0,4461.47
2024-08-31,Monitor,Electronics,East,Retail,6,15000,5,85500.0,20400.55
2025-10-19,Table,Furniture,West,Wholesale,4,7000,0,28000.0,11192.16
2024-11-04,Monitor,Electronics,West,Wholesale,18,15000,5,256500.0,77236.14
2024-09-25,Keyboard,Electronics,West,Wholesale,17,1500,15,21675.0,7559.25
2025-11-25,Notebook,Stationery,East,Wholesale,17,120,0,2040.0,858.41
2025-09-17,Table,Furniture,North,Wholesale,11,7000,10,69300.0,20780.27
2025-11-01,Bag,Accessories,South,Retail,13,1800,15,19890.0,1592.48
2025-06-16,Notebook,Stationery,North,Retail,6,120,10,648.0,133.72
2024-01-13,Printer,Electronics,West,Wholesale,4,12000,20,38400.0,10503.74
2024-08-12,Table,Furniture,North,Retail,9,7000,5,59850.0,24556.61
2025-08-31,Chair,Furniture,North,Retail,20,4500,0,90000.0,21381.97
2025-09-11,Keyboard,Electronics,South,Retail,13,1500,20,15600.0,176.28
2025-12-13,Keyboard,Electronics,North,Wholesale,9,1500,10,12150.0,2833.83
2024-10-10,Printer,Electronics,North,Wholesale,11,12000,10,118800.0,39786.15
2024-03-04,Printer,Electronics,East,Wholesale,13,12000,10,140400.0,7989.14
2024-07-01,Monitor,Electronics,South,Wholesale,3,15000,15,38250.0,277.8
2024-07-01,Monitor,Electronics,West,Retail,4,15000,5,57000.0,14268.62
2025-09-20,Mouse,Electronics,North,Retail,15,800,10,10800.0,3828.17
2025-08-08,Table,Furniture,South,Retail,15,7000,0,105000.0,19009.86
2024-02-08,Printer,Electronics,West,Retail,9,12000,5,102600.0,20518.21
2025-06-11,Monitor,Electronics,North,Retail,16,15000,15,204000.0,42918.28
2024-01-04,Printer,Electronics,East,Wholesale,16,12000,0,192000.0,53726.75
2025-11-29,Table,Furniture,North,Wholesale,13,7000,0,91000.0,23688.96
2025-07-01,Notebook,Stationery,East,Retail,3,120,15,306.0,25.87
2024-06-29,Bottle,Accessories,East,Wholesale,2,350,15,595.0,71.25
2024-04-19,Notebook,Stationery,West,Retail,16,120,0,1920.0,354.12
2024-05-23,Laptop,Electronics,South,Wholesale,7,55000,0,385000.0,90120.14
2025-02-02,Mouse,Electronics,West,Retail,18,800,10,12960.0,2881.36
2024-02-07,Notebook,Stationery,North,Wholesale,2,120,10,216.0,27.28
2024-05-01,Chair,Furniture,South,Retail,17,4500,15,65025.0,1374.94
2024-03-14,Laptop,Electronics,West,Retail,5,55000,15,233750.0,28558.9
2024-09-05,Keyboard,Electronics,East,Retail,1,1500,5,1425.0,315.3
2025-04-12,Bag,Accessories,North,Retail,6,1800,20,8640.0,2492.78
2025-05-24,Bag,Accessories,South,Wholesale,20,1800,5,34200.0,13718.41
2024-12-11,Printer,Electronics,South,Wholesale,11,12000,0,132000.0,20756.21
2024-08-06,Laptop,Electronics,North,Wholesale,19,55000,5,992750.0,312819.58
2024-05-24,Printer,Electronics,West,Retail,6,12000,10,64800.0,13246.39
2025-08-18,Laptop,Electronics,West,Retail,5,55000,0,275000.0,58488.19
2024-01-17,Monitor,Electronics,North,Wholesale,3,15000,0,45000.0,20152.48
2025-03-02,Monitor,Electronics,East,Wholesale,5,15000,5,71250.0,26780.52
2025-02-25,Chair,Furniture,South,Wholesale,6,4500,20,21600.0,1147.44
2025-09-18,Mouse,Electronics,South,Retail,10,800,10,7200.0,1794.91
2024-04-30,Bottle,Accessories,South,Wholesale,4,350,20,1120.0,198.0
2025-10-03,Chair,Furniture,South,Wholesale,9,4500,0,40500.0,15871.31
2025-05-24,Keyboard,Electronics,East,Wholesale,6,1500,0,9000.0,3904.13
2024-08-02,Printer,Electronics,West,Retail,9,12000,10,97200.0,17815.05
2024-04-16,Laptop,Electronics,North,Wholesale,18,55000,5,940500.0,349060.45
2025-06-11,Mouse,Electronics,East,Wholesale,3,800,5,2280.0,440.59
2024-07-22,Notebook,Stationery,North,Retail,8,120,0,960.0,338.07
2025-02-26,Chair,Furniture,West,Retail,13,4500,5,55575.0,22109.55
2025-03-22,Keyboard,Electronics,West,Wholesale,7,1500,20,8400.0,1191.78
2024-05-19,Monitor,Electronics,South,Wholesale,7,15000,10,94500.0,6019.99
2024-05-10,Laptop,Electronics,North,Wholesale,19,55000,0,1045000.0,382280.6
2025-04-14,Printer,Electronics,East,Retail,6,12000,10,64800.0,20451.16
2025-10-15,Bag,Accessories,South,Retail,6,1800,20,8640.0,-443.24
2025-02-25,Bottle,Accessories,West,Wholesale,16,350,5,5320.0,1246.14
2024-01-15,Printer,Electronics,South,Retail,8,12000,5,91200.0,28973.88
2025-08-10,Laptop,Electronics,West,Retail,14,55000,0,770000.0,337246.44
2025-03-11,Bottle,Accessories,North,Wholesale,13,350,15,3867.5,259.74
2025-05-22,Chair,Furniture,West,Retail,3,4500,20,10800.0,325.03
2024-05-15,Notebook,Stationery,North,Retail,10,120,5,1140.0,246.85
2025-05-06,Table,Furniture,North,Wholesale,6,7000,15,35700.0,1790.18
2025-04-19,Keyboard,Electronics,East,Wholesale,13,1500,5,18525.0,3179.33
2025-12-21,Laptop,Electronics,East,Retail,3,55000,15,140250.0,5275.0
2024-10-30,Printer,Electronics,South,Retail,9,12000,20,86400.0,9425.1
2025-09-27,Notebook,Stationery,East,Retail,2,120,20,192.0,-8.06
2024-04-23,Printer,Electronics,East,Wholesale,12,12000,15,122400.0,16453.43
2024-06-28,Bottle,Accessories,South,Retail,3,350,20,840.0,39.06
2024-12-08,Chair,Furniture,South,Retail,18,4500,0,81000.0,20678.37
2024-11-24,Notebook,Stationery,East,Retail,9,120,20,864.0,49.61
2024-03-05,Notebook,Stationery,North,Wholesale,12,120,15,1224.0,221.95
2025-12-27,Bottle,Accessories,East,Retail,18,350,10,5670.0,1350.76
2024-07-11,Monitor,Electronics,South,Wholesale,3,15000,0,45000.0,14975.79
2024-03-19,Mouse,Electronics,South,Wholesale,6,800,10,4320.0,1518.68
2024-06-03,Chair,Furniture,South,Wholesale,17,4500,0,76500.0,27696.76
2024-12-21,Printer,Electronics,North,Retail,15,12000,0,180000.0,65258.09
2024-08-25,Bottle,Accessories,East,Wholesale,11,350,15,3272.5,486.6
2025-08-30,Bottle,Accessories,South,Wholesale,18,350,15,5355.0,1024.37
2024-06-24,Table,Furniture,East,Retail,8,7000,15,47600.0,10552.04
2024-05-31,Notebook,Stationery,South,Wholesale,10,120,15,1020.0,15.76
2024-07-05,Keyboard,Electronics,North,Wholesale,5,1500,5,7125.0,2464.71
2025-08-11,Keyboard,Electronics,South,Retail,15,1500,10,20250.0,5379.71
2025-11-12,Notebook,Stationery,South,Wholesale,12,120,5,1368.0,414.9
2024-05-04,Laptop,Electronics,West,Wholesale,13,55000,15,607750.0,49652.85
2024-06-08,Laptop,Electronics,East,Wholesale,18,55000,20,792000.0,149109.65
2024-10-23,Bag,Accessories,West,Wholesale,5,1800,20,7200.0,282.93
2025-12-06,Mouse,Electronics,North,Wholesale,16,800,0,12800.0,5224.61
2024-01-26,Printer,Electronics,North,Wholesale,20,12000,5,228000.0,63889.97
2024-02-26,Bag,Accessories,East,Retail,7,1800,20,10080.0,1160.08
2024-01-24,Mouse,Electronics,North,Wholesale,18,800,15,12240.0,1395.09
2024-07-18,Monitor,Electronics,North,Wholesale,11,15000,20,132000.0,11298.65
2025-02-11,Keyboard,Electronics,North,Wholesale,14,1500,10,18900.0,4917.49
2024-12-19,Notebook,Stationery,North,Retail,10,120,15,1020.0,45.25
2025-03-30,Printer,Electronics,West,Wholesale,15,12000,10,162000.0,54155.32
2024-05-22,Bag,Accessories,East,Wholesale,20,1800,0,36000.0,14648.7
2025-06-21,Notebook,Stationery,North,Retail,3,120,20,288.0,8.34
2025-02-23,Table,Furniture,South,Retail,14,7000,5,93100.0,22859.07
2024-07-09,Printer,Electronics,East,Wholesale,10,12000,20,96000.0,12338.92
2025-05-20,Bottle,Accessories,North,Retail,15,350,5,4987.5,2057.73
2024-09-25,Table,Furniture,East,Wholesale,16,7000,0,112000.0,28431.88
2024-07-02,Monitor,Electronics,East,Wholesale,8,15000,0,120000.0,49703.23
2024-03-09,Bag,Accessories,West,Wholesale,12,1800,20,17280.0,2286.45
2025-10-05,Monitor,Electronics,North,Wholesale,4,15000,10,54000.0,11774.53
2024-06-15,Bag,Accessories,South,Wholesale,2,1800,5,3420.0,1094.74
2024-06-16,Laptop,Electronics,East,Retail,9,55000,10,445500.0,110952.17
2024-10-23,Table,Furniture,South,Retail,17,7000,0,119000.0,35204.97
2025-09-05,Keyboard,Electronics,East,Wholesale,18,1500,10,24300.0,2383.21
2025-12-02,Notebook,Stationery,South,Retail,4,120,20,384.0,36.47
2024-05-20,Bottle,Accessories,West,Wholesale,10,350,10,3150.0,407.25
2024-06-15,Mouse,Electronics,South,Retail,7,800,5,5320.0,1394.32
2025-03-03,Monitor,Electronics,North,Wholesale,3,15000,0,45000.0,9195.6
2024-12-22,Table,Furniture,East,Retail,12,7000,5,79800.0,13010.62
2025-12-27,Table,Furniture,South,Retail,1,7000,0,7000.0,2683.05
2024-11-10,Keyboard,Electronics,West,Retail,7,1500,5,9975.0,1109.5
2024-03-20,Laptop,Electronics,North,Retail,16,55000,15,748000.0,252775.53
2025-11-06,Bottle,Accessories,East,Retail,19,350,0,6650.0,2056.68
2024-03-08,Table,Furniture,South,Retail,1,7000,0,7000.0,1507.02
2024-07-08,Notebook,Stationery,East,Wholesale,1,120,0,120.0,48.76
2024-12-26,Keyboard,Electronics,North,Retail,17,1500,20,20400.0,4525.06
2025-08-15,Laptop,Electronics,East,Retail,17,55000,5,888250.0,173214.84
